property,stroke_team,short_code,ssnap_name,lsoa_code,region,region_code,region_type,country,icb,icb_code,isdn,use_ivt,use_mt,use_msu,transfer_unit_postcode,selected,time_ambulance_called,time_ambulance_called,time_ambulance_arrival,time_ambulance_arrival,time_ambulance_leaves_scene,time_ambulance_leaves_scene,time_admitting_unit_arrival,time_admitting_unit_arrival,time_needle,time_needle,time_transfer_unit_arrival,time_transfer_unit_arrival,time_puncture,time_puncture,mRS shift,mRS shift,utility_shift,utility_shift,mRS 0-2,mRS 0-2,use_ivt,use_mt,use_msu,transfer_unit_postcode,selected,time_ambulance_called,time_ambulance_called,time_ambulance_arrival,time_ambulance_arrival,time_ambulance_leaves_scene,time_ambulance_leaves_scene,time_admitting_unit_arrival,time_admitting_unit_arrival,time_needle,time_needle,time_transfer_unit_arrival,time_transfer_unit_arrival,time_puncture,time_puncture,mRS shift,mRS shift,utility_shift,utility_shift,mRS 0-2,mRS 0-2,utility_shift,utility_shift,mRS shift,mRS shift,mRS 0-2,mRS 0-2
scenario,any,any,any,any,any,any,any,any,any,any,any,drip-and-ship,drip-and-ship,drip-and-ship,drip-and-ship,drip-and-ship,drip-and-ship,drip-and-ship,drip-and-ship,drip-and-ship,drip-and-ship,drip-and-ship,drip-and-ship,drip-and-ship,drip-and-ship,drip-and-ship,drip-and-ship,drip-and-ship,drip-and-ship,drip-and-ship,drip-and-ship,drip-and-ship,drip-and-ship,drip-and-ship,drip-and-ship,drip-and-ship,mothership,mothership,mothership,mothership,mothership,mothership,mothership,mothership,mothership,mothership,mothership,mothership,mothership,mothership,mothership,mothership,mothership,mothership,mothership,mothership,mothership,mothership,mothership,mothership,mothership,diff_drip-and-ship_minus_mothership,diff_drip-and-ship_minus_mothership,diff_drip-and-ship_minus_mothership,diff_drip-and-ship_minus_mothership,diff_drip-and-ship_minus_mothership,diff_drip-and-ship_minus_mothership
subtype,,,,,,,,,,,,,,,,,mean,std,mean,std,mean,std,mean,std,mean,std,mean,std,mean,std,mean,std,mean,std,mean,std,,,,,,mean,std,mean,std,mean,std,mean,std,mean,std,mean,std,mean,std,mean,std,mean,std,mean,std,mean,std,mean,std,mean,std
postcode,,,,,,,,,,,,,,,,,,,,,,,,,,,,,,,,,,,,,,,,,,,,,,,,,,,,,,,,,,,,,,,,,,,
BA13NG,Royal United Hospital Bath,BA,Royal United Hospital Bath,E01014428,"NHS Bath and North East Somerset, Swindon and Wiltshire ICB - 92G",E38000231,SICBL,England,"NHS Bath and North East Somerset, Swindon and Wiltshire Integrated Care Board",E54000040,"Gloucester, BSW, BNSSG and Somerset",1,0,0,nearest,1,30,0,60,0,80,0,104.47966573816156,8.522413072264548,134.9946261682243,8.41596253478202,198.27631578947367,8.430909206325964,258.2763157894737,8.430909206325962,-0.5330683316384622,0.024543704881352893,0.10181798189827335,0.008148433731104118,0.5775299379218859,0.14529898012151551,,,,,,,,,,,,,,,,,,,,,,,,,,,0.008148433731104118,,0.024543704881352893,,0.14529898012151551
BA214AT,Yeovil District Hospital,YE,Yeovil District Hospital,E01029231,NHS Somerset ICB - 11X,E38000150,SICBL,England,NHS Somerset Integrated Care Board,E54000038,"Gloucester, BSW, BNSSG and Somerset",1,0,0,nearest,1,30,0,60,0,80,0,104.22429149797571,9.19992597443808,134.61151315789473,8.947254626954704,238.91574074074074,8.532370051662761,298.9157407407408,8.532370051662769,-0.48857410262275636,0.055053195008312045,0.09333453906614049,0.006152959931493541,0.56852298174627,0.15776086467959954,,,,,,,,,,,,,,,,,,,,,,,,,,,0.006152959931493541,,0.055053195008312045,,0.15776086467959954
BS105NB,North Bristol Hospital (Southmead),NB,North Bristol Hospitals,E01014631,"NHS Bristol, North Somerset and South Gloucestershire ICB - 15C",E38000222,SICBL,England,"NHS Bristol, North Somerset and South Gloucestershire Integrated Care Board",E54000039,"Gloucester, BSW, BNSSG and Somerset",1,1,1,nearest,1,30,0,60,0,80,0,99.16686602870813,5.264711601815784,129.24690618762475,5.447327363871352,,,129.3358108108108,5.194921776435487,-0.6667459725728347,0.1996303582761241,0.12583922549970072,0.041824195181112404,0.6225192290602101,0.10075570416216206,1,1,1,nearest,1,30,0,60,0,80,0,124.02702977856961,18.867321811574797,154.59180470793373,18.638143786509147,,,154.93036935704515,18.71351814518686,-0.6111983699640826,0.1951684574135519,0.1163149091681852,0.04073481051227463,0.6047534686008237,0.10632315544775084,0.009524316331515528,0.058383114768044926,-0.055547602608752134,0.27918274788145325,0.01776576045938638,0.14647977780424065
BS234TQ,"Weston General Hospital, Weston-super-Mare",WG,Weston General Hospital,E01014803,"NHS Bristol, North Somerset and South Gloucestershire ICB - 15C",E38000222,SICBL,England,"NHS Bristol, North Somerset and South Gloucestershire Integrated Care Board",E54000039,"Gloucester, BSW, BNSSG and Somerset",1,0,0,nearest,1,30,0,60,0,80,0,99.91783088235294,7.58690073017821,129.7718120805369,7.293436748264225,203.85773195876288,7.4210123277806375,263.8577319587629,7.421012327780638,-0.5351960418350504,0.018920078302468512,0.10177162308169557,0.005527476617366283,0.5869633784730153,0.14511578644268722,,,,,,,,,,,,,,,,,,,,,,,,,,,0.005527476617366283,,0.018920078302468512,,0.14511578644268722
EX25DW,Royal Devon and Exeter Hospital,EX,Royal Devon and Exeter Hospital,E01020013,NHS Devon ICB - 15N,E38000230,SICBL,England,NHS Devon Integrated Care Board,E54000037,"Devon, Cornwall and Isles of Scilly",1,0,0,nearest,1,30,0,60,0,80,0,102.52090301003345,9.60933283715195,132.66773255813953,9.625817421106438,222.35504587155964,10.194392850961172,282.35504587155964,10.194392850961163,-0.5121228295591275,0.036582756623134496,0.09737221520352413,0.004507434566581401,0.5850410386586682,0.1489364987419161,,,,,,,,,,,,,,,,,,,,,,,,,,,0.004507434566581401,,0.036582756623134496,,0.1489364987419161
EX314JB,"North Devon District Hospital, Barnstaple",BP,North Devon District Hospital,E01020134,NHS Devon ICB - 15N,E38000230,SICBL,England,NHS Devon Integrated Care Board,E54000037,"Devon, Cornwall and Isles of Scilly",1,0,0,nearest,1,30,0,60,0,80,0,105.05986547085202,11.735026949690026,135.0249042145594,11.634532175085418,255.35102040816324,11.781378324996295,315.35102040816327,11.78137832499628,-0.46686411551065166,0.08048683768066775,0.08939299470693071,0.01073989208390038,0.5579449700155061,0.16452365494746526,,,,,,,,,,,,,,,,,,,,,,,,,,,0.01073989208390038,,0.08048683768066775,,0.16452365494746526
GL13NN,"Gloucestershire Royal Hospital, Gloucester",GL,Gloucestershire Royal Hospital,E01022311,NHS Gloucestershire ICB - 11M,E38000062,SICBL,England,NHS Gloucestershire Integrated Care Board,E54000043,"Gloucester, BSW, BNSSG and Somerset",1,0,0,nearest,1,30,0,60,0,80,0,101.28008356545962,8.182629933523225,131.39429280397022,8.29971480560332,207.7316176470588,8.484763705702841,267.73161764705884,8.48476370570284,-0.5279472016026046,0.022428206076220973,0.10057365704013911,0.005356629760514584,0.5818636771581582,0.14714865906802482,,,,,,,,,,,,,,,,,,,,,,,,,,,0.005356629760514584,,0.022428206076220973,,0.14714865906802482
PL68DH,"Derriford Hospital, Plymouth",DF,Derriford Hospital,E01015092,NHS Devon ICB - 15N,E38000230,SICBL,England,NHS Devon Integrated Care Board,E54000037,"Devon, Cornwall and Isles of Scilly",1,1,1,nearest,1,30,0,60,0,80,0,102.36822695035463,11.544312371477066,132.41907090464548,11.385879977417474,,,131.8584,10.670241887393358,-0.663277676703024,0.20283947240251402,0.125374742766692,0.04238097426814443,0.6187497586605876,0.10199806981756782,1,1,1,nearest,1,30,0,60,0,80,0,138.6757863695937,25.20638689991589,169.1714367816092,25.30624561130407,,,168.24300884955753,24.7856393192245,-0.5763042699908146,0.19642095559944958,0.11016006074739822,0.04070719703323367,0.5961566407674822,0.10834631782691026,0.015214682019293782,0.05876412911138587,-0.08697340671220932,0.28235623485790284,0.022593117893105363,0.14880366538885825
SN36BB,"Great Western Hospital, Swindon",GW,Great Western Hospital Swindon,E01015583,"NHS Bath and North East Somerset, Swindon and Wiltshire ICB - 92G",E38000231,SICBL,England,"NHS Bath and North East Somerset, Swindon and Wiltshire Integrated Care Board",E54000040,"Gloucester, BSW, BNSSG and Somerset",1,0,0,nearest,1,30,0,60,0,80,0,104.43137829912023,9.188261721199886,134.5983009708738,9.379725094498717,214.75866666666667,9.655969302806097,274.75866666666667,9.655969302806112,-0.5155076741794649,0.02842121297270516,0.09855721322810508,0.00499791124672285,0.5712240110476032,0.15132377647818546,,,,,,,,,,,,,,,,,,,,,,,,,,,0.00499791124672285,,0.02842121297270516,,0.15132377647818546
SP28BJ,Salisbury District Hospital,SS,Salisbury District Hospital,E01032000,"NHS Bath and North East Somerset, Swindon and Wiltshire ICB - 92G",E38000231,SICBL,England,"NHS Bath and North East Somerset, Swindon and Wiltshire Integrated Care Board",E54000040,"Gloucester, BSW, BNSSG and Somerset",1,0,0,nearest,1,30,0,60,0,80,0,101.32594142259414,9.173353620787571,131.5107913669065,9.480267001128109,196.095,9.375115725781466,256.09499999999997,9.375115725781459,-0.5384591733320488,0.025992470613028045,0.10205534976757882,0.008032505909839055,0.5992880460675982,0.13776888193424666,,,,,,,,,,,,,,,,,,,,,,,,,,,0.008032505909839055,,0.025992470613028045,,0.13776888193424666
TA15DA,"Musgrove Park Hospital, Taunton",MP,Musgrove Park Hospital,E01029302,NHS Somerset ICB - 11X,E38000150,SICBL,England,NHS Somerset Integrated Care Board,E54000038,"Gloucester, BSW, BNSSG and Somerset",1,0,0,nearest,1,30,0,60,0,80,0,103.58439306358382,10.045950756881181,133.8374149659864,9.799614890283385,230.75050505050504,10.014635960222952,290.75050505050507,10.014635960222934,-0.5010779942064494,0.04636048121274767,0.09549312666864385,0.005192109935958719,0.576715025682445,0.15366925131026316,,,,,,,,,,,,,,,,,,,,,,,,,,,0.005192109935958719,,0.04636048121274767,,0.15366925131026316
TQ27AA,Torbay Hospital,TB,Torbay Hospital,E01015251,NHS Devon ICB - 15N,E38000230,SICBL,England,NHS Devon Integrated Care Board,E54000037,"Devon, Cornwall and Isles of Scilly",1,0,0,nearest,1,30,0,60,0,80,0,99.1227027027027,8.295861908938502,129.17723076923076,8.268251697599249,209.82222222222222,7.406249680647072,269.8222222222222,7.406249680647073,-0.5299024654966067,0.023020356960930938,0.10025781891242544,0.004454543570445599,0.6008506958554541,0.1402276305777945,,,,,,,,,,,,,,,,,,,,,,,,,,,0.004454543570445599,,0.023020356960930938,,0.1402276305777945
TR13LQ,"Royal Cornwall Hospital, Truro",TR,Royal Cornwall Hospital,E01018855,NHS Cornwall and the Isles of Scilly ICB - 11N,E38000089,SICBL,England,NHS Cornwall and the Isles of Scilly Integrated Care Board,E54000036,"Devon, Cornwall and Isles of Scilly",1,0,0,nearest,1,30,0,60,0,80,0,108.40916666666668,9.811597938303464,138.20586797066014,9.571783225187271,243.42461538461538,10.454679316859329,303.4246153846154,10.454679316859318,-0.4825777296384163,0.05710470342374028,0.09189380324315284,0.0067657582687260685,0.5789120561451637,0.1540347661571868,,,,,,,,,,,,,,,,,,,,,,,,,,,0.0067657582687260685,,0.05710470342374028,,0.1540347661571868
